runtime_file,runtime_sha256,dimensions,format,approved_file,manifest_asset_id,source,derivative_notes,image2_record,visual_qa,manifest_exclusion_reason,release_authorization
public/apple-touch-icon.png,13df5c977b32f97f16c33239c3ce88824d82f632a98c2a5c2d712f54e636291d,180x180,PNG,assets/approved/production/apple-touch-icon.png,MEDIA-my-sgg-apple-touch-icon-v004,assets/candidates/favicon/fav-01.png; Image 2.0 favicon lot delivery derivative,Purpose-built Image 2.0 icon resized to the 180px Apple touch delivery size,assets/candidates/favicon/fav-01.provenance.json,PIL decode verified; current visual identity/form audit passed where characters are present,,SGG project owner explicit public production publication instruction on 2026-08-19
public/dashboard-art/bg-zipangu-dusk.png,277979e3a76b42c0738c03af01521a3cd47a191821267279e001e69cd5fe55ee,2400x1028,PNG,assets/approved/production/dashboard-art/bg-zipangu-dusk.png,MEDIA-my-sgg-bg-zipangu-dusk-v001,Image 2.0 batch-03 (scripts/creative-pipeline/batch-03-world-and-swarm.json),Exact runtime binary carried forward from legacy registry asset MEDIA-my-sgg-bg-zipangu-dusk-v001,Image 2.0 batch-03 (scripts/creative-pipeline/batch-03-world-and-swarm.json),PIL decode verified; current visual identity/form audit passed where characters are present,,SGG project owner explicit public production publication instruction on 2026-08-19
public/dashboard-art/brand/sgg-mark-v002.png,d3bebff58d80cf7c33e22c5e60e3a6a85ce878600fa682f90e6268facde9d199,512x512,PNG,assets/approved/production/dashboard-art/brand/sgg-mark-v002.png,MEDIA-my-sgg-brand-mark-v002,assets/candidates/brand-v002/PRODUCTION_RECORD.json,Purpose-built Image 2.0 celestial-ring composition; chroma removed and resized for UI delivery,assets/candidates/brand-v002/PRODUCTION_RECORD.json,PIL decode verified; current visual identity/form audit passed where characters are present,,SGG project owner explicit public production publication instruction on 2026-08-19
public/dashboard-art/cards/card-01.png,a7e8788dccbc05b52838000ef0033d636fffbdb6039f1ebd5bc91a25fa4ed50a,720x405,PNG,assets/approved/production/dashboard-art/cards/card-01.png,MEDIA-my-sgg-card-01-v001,Image 2.0 via Codex generated store (A-ebisu-taimaru-incarnate),Exact runtime binary carried forward from legacy registry asset MEDIA-my-sgg-card-01-v001,Image 2.0 via Codex generated store (A-ebisu-taimaru-incarnate),PIL decode verified; current visual identity/form audit passed where characters are present,,SGG project owner explicit public production publication instruction on 2026-08-19
public/dashboard-art/cards/card-02.png,86eb423d2e59cd903f471f88276096d46376e5d8cd66a0d294f4320c0558372c,720x405,PNG,assets/approved/production/dashboard-art/cards/card-02.png,MEDIA-my-sgg-card-02-v001,Image 2.0 via Codex generated store (B-sobi-momokatsu-doji),Exact runtime binary carried forward from legacy registry asset MEDIA-my-sgg-card-02-v001,Image 2.0 via Codex generated store (B-sobi-momokatsu-doji),PIL decode verified; current visual identity/form audit passed where characters are present,,SGG project owner explicit public production publication instruction on 2026-08-19
public/dashboard-art/cards/card-03.png,7e191f550dd5976e41e7974004188cac72f55c03da3cd3168e891c221b966958,720x405,PNG,assets/approved/production/dashboard-art/cards/card-03.png,MEDIA-my-sgg-card-03-v001,Image 2.0 via Codex generated store (C-saika-kotone-spirit),Exact runtime binary carried forward from legacy registry asset MEDIA-my-sgg-card-03-v001,Image 2.0 via Codex generated store (C-saika-kotone-spirit),PIL decode verified; current visual identity/form audit passed where characters are present,,SGG project owner explicit public production publication instruction on 2026-08-19
public/dashboard-art/cards/card-04.png,cf324f48675c0994f6b8956ab0e82823a26759dc1ecb1b767f182e7d77eb2140,720x405,PNG,assets/approved/production/dashboard-art/cards/card-04.png,MEDIA-my-sgg-card-04-v001,Image 2.0 via Codex generated store (D-juraku-juka-incarnate),Exact runtime binary carried forward from legacy registry asset MEDIA-my-sgg-card-04-v001,Image 2.0 via Codex generated store (D-juraku-juka-incarnate),PIL decode verified; current visual identity/form audit passed where characters are present,,SGG project owner explicit public production publication instruction on 2026-08-19
public/dashboard-art/cards/card-05.png,8a698af82112524d718c7fcd3044ce6adab42197eeb9465d5d5af8df96548f26,720x405,PNG,assets/approved/production/dashboard-art/cards/card-05.png,MEDIA-my-sgg-card-05-v001,Image 2.0 via Codex generated store (E2-shouren-shofuku-doji),Exact runtime binary carried forward from legacy registry asset MEDIA-my-sgg-card-05-v001,Image 2.0 via Codex generated store (E2-shouren-shofuku-doji),PIL decode verified; current visual identity/form audit passed where characters are present,,SGG project owner explicit public production publication instruction on 2026-08-19
public/dashboard-art/cards/faces/haku-doji.png,dbb698a53679b12188ab425d09e46c78a9014aa2a4ba444a97eb3748cf136b97,640x640,PNG,assets/approved/production/dashboard-art/cards/faces/haku-doji.png,MEDIA-my-sgg-cardface-haku-doji-v001,Image 2.0 batch-01 (scripts/creative-pipeline/batch-01-cardfaces.json),Exact runtime binary carried forward from legacy registry asset MEDIA-my-sgg-cardface-haku-doji-v001,Image 2.0 batch-01 (scripts/creative-pipeline/batch-01-cardfaces.json),PIL decode verified; current visual identity/form audit passed where characters are present,,SGG project owner explicit public production publication instruction on 2026-08-19
public/dashboard-art/cards/faces/haku-incarnate.png,46a260dc65a879ccdf6ef5a2a3510219dd312e3d42837af69866fa2c602845ff,640x640,PNG,assets/approved/production/dashboard-art/cards/faces/haku-incarnate.png,MEDIA-my-sgg-cardface-haku-incarnate-v001,Image 2.0 batch-01 (scripts/creative-pipeline/batch-01-cardfaces.json),Exact runtime binary carried forward from legacy registry asset MEDIA-my-sgg-cardface-haku-incarnate-v001,Image 2.0 batch-01 (scripts/creative-pipeline/batch-01-cardfaces.json),PIL decode verified; current visual identity/form audit passed where characters are present,,SGG project owner explicit public production publication instruction on 2026-08-19
public/dashboard-art/cards/faces/haku-spirit.png,8b46388663d014c231bfeaa665c9d87395f4bcdb05a764a7eaf5d4898b79b660,640x640,PNG,assets/approved/production/dashboard-art/cards/faces/haku-spirit.png,MEDIA-my-sgg-cardface-haku-spirit-v001,Image 2.0 batch-01 (scripts/creative-pipeline/batch-01-cardfaces.json),Exact runtime binary carried forward from legacy registry asset MEDIA-my-sgg-cardface-haku-spirit-v001,Image 2.0 batch-01 (scripts/creative-pipeline/batch-01-cardfaces.json),PIL decode verified; current visual identity/form audit passed where characters are present,,SGG project owner explicit public production publication instruction on 2026-08-19
public/dashboard-art/cards/faces/juka-doji.png,9e54f3147430daa0f099dec3ff78a250b3bd447d4fabf5908983396c785c01b7,640x640,PNG,assets/approved/production/dashboard-art/cards/faces/juka-doji.png,MEDIA-my-sgg-cardface-juka-doji-v001,Image 2.0 batch-01 (scripts/creative-pipeline/batch-01-cardfaces.json),Exact runtime binary carried forward from legacy registry asset MEDIA-my-sgg-cardface-juka-doji-v001,Image 2.0 batch-01 (scripts/creative-pipeline/batch-01-cardfaces.json),PIL decode verified; current visual identity/form audit passed where characters are present,,SGG project owner explicit public production publication instruction on 2026-08-19
public/dashboard-art/cards/faces/juka-incarnate.png,c464a7badcee15f1fe22fc7ac9a6096de8c6f3f958bfd7f1c2573ce5fb349836,640x640,PNG,assets/approved/production/dashboard-art/cards/faces/juka-incarnate.png,MEDIA-my-sgg-cardface-juka-incarnate-v001,Image 2.0 batch-01 (scripts/creative-pipeline/batch-01-cardfaces.json),Exact runtime binary carried forward from legacy registry asset MEDIA-my-sgg-cardface-juka-incarnate-v001,Image 2.0 batch-01 (scripts/creative-pipeline/batch-01-cardfaces.json),PIL decode verified; current visual identity/form audit passed where characters are present,,SGG project owner explicit public production publication instruction on 2026-08-19
public/dashboard-art/cards/faces/juka-spirit.png,d92b30907a76d99fc183bdf4be8a43c13aee307c1c15178ae8dd2f28273b7243,640x640,PNG,assets/approved/production/dashboard-art/cards/faces/juka-spirit.png,MEDIA-my-sgg-cardface-juka-spirit-v001,Image 2.0 batch-01 (scripts/creative-pipeline/batch-01-cardfaces.json),Exact runtime binary carried forward from legacy registry asset MEDIA-my-sgg-cardface-juka-spirit-v001,Image 2.0 batch-01 (scripts/creative-pipeline/batch-01-cardfaces.json),PIL decode verified; current visual identity/form audit passed where characters are present,,SGG project owner explicit public production publication instruction on 2026-08-19
public/dashboard-art/cards/faces/kotone-doji.png,fe39b94a428845b5da84cb9324d7eb3058a86e7522f254fa9afa183ecdf5b8cc,640x640,PNG,assets/approved/production/dashboard-art/cards/faces/kotone-doji.png,MEDIA-my-sgg-cardface-kotone-doji-v001,Image 2.0 batch-01 (scripts/creative-pipeline/batch-01-cardfaces.json),Exact runtime binary carried forward from legacy registry asset MEDIA-my-sgg-cardface-kotone-doji-v001,Image 2.0 batch-01 (scripts/creative-pipeline/batch-01-cardfaces.json),PIL decode verified; current visual identity/form audit passed where characters are present,,SGG project owner explicit public production publication instruction on 2026-08-19
public/dashboard-art/cards/faces/kotone-incarnate.png,ac8f7a2bad5be89f21ea410153915e18c35c9f5ddcb58557dad65b604d604cb1,640x640,PNG,assets/approved/production/dashboard-art/cards/faces/kotone-incarnate.png,MEDIA-my-sgg-cardface-kotone-incarnate-v001,Image 2.0 batch-01 (scripts/creative-pipeline/batch-01-cardfaces.json),Exact runtime binary carried forward from legacy registry asset MEDIA-my-sgg-cardface-kotone-incarnate-v001,Image 2.0 batch-01 (scripts/creative-pipeline/batch-01-cardfaces.json),PIL decode verified; current visual identity/form audit passed where characters are present,,SGG project owner explicit public production publication instruction on 2026-08-19
public/dashboard-art/cards/faces/kotone-spirit.png,e9f8ef600e6d8c5682b800b72e690e3651cbdd1128e50632c18857ff61dd1e0f,640x640,PNG,assets/approved/production/dashboard-art/cards/faces/kotone-spirit.png,MEDIA-my-sgg-cardface-kotone-spirit-v001,Image 2.0 batch-01 (scripts/creative-pipeline/batch-01-cardfaces.json),Exact runtime binary carried forward from legacy registry asset MEDIA-my-sgg-cardface-kotone-spirit-v001,Image 2.0 batch-01 (scripts/creative-pipeline/batch-01-cardfaces.json),PIL decode verified; current visual identity/form audit passed where characters are present,,SGG project owner explicit public production publication instruction on 2026-08-19
public/dashboard-art/cards/faces/kozuchi-doji.png,8560db9ac7292f9b182a892217034966fbdca6cff7fdbfef5a242ef4c5c1e45d,640x640,PNG,assets/approved/production/dashboard-art/cards/faces/kozuchi-doji.png,MEDIA-my-sgg-cardface-kozuchi-doji-v001,Image 2.0 batch-01 (scripts/creative-pipeline/batch-01-cardfaces.json),Exact runtime binary carried forward from legacy registry asset MEDIA-my-sgg-cardface-kozuchi-doji-v001,Image 2.0 batch-01 (scripts/creative-pipeline/batch-01-cardfaces.json),PIL decode verified; current visual identity/form audit passed where characters are present,,SGG project owner explicit public production publication instruction on 2026-08-19
public/dashboard-art/cards/faces/kozuchi-incarnate.png,b049fed2998e06e27ff363b11e2c5f1875fe654ac798ec7252dcb7200403d67e,640x640,PNG,assets/approved/production/dashboard-art/cards/faces/kozuchi-incarnate.png,MEDIA-my-sgg-cardface-kozuchi-incarnate-v001,Image 2.0 batch-01 (scripts/creative-pipeline/batch-01-cardfaces.json),Exact runtime binary carried forward from legacy registry asset MEDIA-my-sgg-cardface-kozuchi-incarnate-v001,Image 2.0 batch-01 (scripts/creative-pipeline/batch-01-cardfaces.json),PIL decode verified; current visual identity/form audit passed where characters are present,,SGG project owner explicit public production publication instruction on 2026-08-19
public/dashboard-art/cards/faces/kozuchi-spirit.png,79d9faddff531d76c545a7b05b003d9161bb8899407515ba631ab882d715c8ec,640x640,PNG,assets/approved/production/dashboard-art/cards/faces/kozuchi-spirit.png,MEDIA-my-sgg-cardface-kozuchi-spirit-v001,Image 2.0 batch-01 (scripts/creative-pipeline/batch-01-cardfaces.json),Exact runtime binary carried forward from legacy registry asset MEDIA-my-sgg-cardface-kozuchi-spirit-v001,Image 2.0 batch-01 (scripts/creative-pipeline/batch-01-cardfaces.json),PIL decode verified; current visual identity/form audit passed where characters are present,,SGG project owner explicit public production publication instruction on 2026-08-19
public/dashboard-art/cards/faces/momokatsu-doji.png,e732f6f19acfc47f8b6ac73c441986dc725708fd6b9cc1e46065a071ee8c0199,640x640,PNG,assets/approved/production/dashboard-art/cards/faces/momokatsu-doji.png,MEDIA-my-sgg-cardface-momokatsu-doji-v001,Image 2.0 batch-01 (scripts/creative-pipeline/batch-01-cardfaces.json),Exact runtime binary carried forward from legacy registry asset MEDIA-my-sgg-cardface-momokatsu-doji-v001,Image 2.0 batch-01 (scripts/creative-pipeline/batch-01-cardfaces.json),PIL decode verified; current visual identity/form audit passed where characters are present,,SGG project owner explicit public production publication instruction on 2026-08-19
public/dashboard-art/cards/faces/momokatsu-incarnate.png,ae67915a4e44311ec408d2587d19936f9da54206b9a9b49550940d6bad78b375,640x640,PNG,assets/approved/production/dashboard-art/cards/faces/momokatsu-incarnate.png,MEDIA-my-sgg-cardface-momokatsu-incarnate-v001,Image 2.0 batch-01 (scripts/creative-pipeline/batch-01-cardfaces.json),Exact runtime binary carried forward from legacy registry asset MEDIA-my-sgg-cardface-momokatsu-incarnate-v001,Image 2.0 batch-01 (scripts/creative-pipeline/batch-01-cardfaces.json),PIL decode verified; current visual identity/form audit passed where characters are present,,SGG project owner explicit public production publication instruction on 2026-08-19
public/dashboard-art/cards/faces/momokatsu-spirit.png,0fd4a8e1db1f9cf2ce3f9d2015b419305a7113b5ec3336cc36b162adae0a3cc1,640x640,PNG,assets/approved/production/dashboard-art/cards/faces/momokatsu-spirit.png,MEDIA-my-sgg-cardface-momokatsu-spirit-v001,Image 2.0 batch-01 (scripts/creative-pipeline/batch-01-cardfaces.json),Exact runtime binary carried forward from legacy registry asset MEDIA-my-sgg-cardface-momokatsu-spirit-v001,Image 2.0 batch-01 (scripts/creative-pipeline/batch-01-cardfaces.json),PIL decode verified; current visual identity/form audit passed where characters are present,,SGG project owner explicit public production publication instruction on 2026-08-19
public/dashboard-art/cards/faces/shofuku-doji.png,e334cf1575d06103bc653c567daf7d96c862454bf9493a454a67a1d035673b8c,640x640,PNG,assets/approved/production/dashboard-art/cards/faces/shofuku-doji.png,MEDIA-my-sgg-cardface-shofuku-doji-v001,Image 2.0 batch-01 (scripts/creative-pipeline/batch-01-cardfaces.json),Exact runtime binary carried forward from legacy registry asset MEDIA-my-sgg-cardface-shofuku-doji-v001,Image 2.0 batch-01 (scripts/creative-pipeline/batch-01-cardfaces.json),PIL decode verified; current visual identity/form audit passed where characters are present,,SGG project owner explicit public production publication instruction on 2026-08-19
public/dashboard-art/cards/faces/shofuku-incarnate.png,612a86f3017459fda12efd2afc6f923673d314cbb1eebe95caa3162123bcb5fd,640x640,PNG,assets/approved/production/dashboard-art/cards/faces/shofuku-incarnate.png,MEDIA-my-sgg-cardface-shofuku-incarnate-v001,Image 2.0 batch-01 (scripts/creative-pipeline/batch-01-cardfaces.json),Exact runtime binary carried forward from legacy registry asset MEDIA-my-sgg-cardface-shofuku-incarnate-v001,Image 2.0 batch-01 (scripts/creative-pipeline/batch-01-cardfaces.json),PIL decode verified; current visual identity/form audit passed where characters are present,,SGG project owner explicit public production publication instruction on 2026-08-19
public/dashboard-art/cards/faces/shofuku-spirit.png,8b8f79d2364e8e088335cb91a78fe19b6c4b8afca8da4fa4b24b89aece3e5270,640x640,PNG,assets/approved/production/dashboard-art/cards/faces/shofuku-spirit.png,MEDIA-my-sgg-cardface-shofuku-spirit-v001,Image 2.0 batch-01 (scripts/creative-pipeline/batch-01-cardfaces.json),Exact runtime binary carried forward from legacy registry asset MEDIA-my-sgg-cardface-shofuku-spirit-v001,Image 2.0 batch-01 (scripts/creative-pipeline/batch-01-cardfaces.json),PIL decode verified; current visual identity/form audit passed where characters are present,,SGG project owner explicit public production publication instruction on 2026-08-19
public/dashboard-art/cards/faces/taimaru-doji.png,d3fafcfe8a6d8157f28150b2e3e51f02b500fa08ef43ec16f0c3c9047511219e,640x640,PNG,assets/approved/production/dashboard-art/cards/faces/taimaru-doji.png,MEDIA-my-sgg-cardface-taimaru-doji-v001,Image 2.0 batch-01 (scripts/creative-pipeline/batch-01-cardfaces.json),Exact runtime binary carried forward from legacy registry asset MEDIA-my-sgg-cardface-taimaru-doji-v001,Image 2.0 batch-01 (scripts/creative-pipeline/batch-01-cardfaces.json),PIL decode verified; current visual identity/form audit passed where characters are present,,SGG project owner explicit public production publication instruction on 2026-08-19
public/dashboard-art/cards/faces/taimaru-incarnate.png,175e7a694433d4aa5633564e55cd937b31079644a9c24f38087859538fee1a74,640x640,PNG,assets/approved/production/dashboard-art/cards/faces/taimaru-incarnate.png,MEDIA-my-sgg-cardface-taimaru-incarnate-v001,Image 2.0 batch-01 (scripts/creative-pipeline/batch-01-cardfaces.json),Exact runtime binary carried forward from legacy registry asset MEDIA-my-sgg-cardface-taimaru-incarnate-v001,Image 2.0 batch-01 (scripts/creative-pipeline/batch-01-cardfaces.json),PIL decode verified; current visual identity/form audit passed where characters are present,,SGG project owner explicit public production publication instruction on 2026-08-19
public/dashboard-art/cards/faces/taimaru-spirit.png,13b0397e6171625098b7761810f13132e6ca5648b38f9f15ccf7036396b11f2d,640x640,PNG,assets/approved/production/dashboard-art/cards/faces/taimaru-spirit.png,MEDIA-my-sgg-cardface-taimaru-spirit-v001,Image 2.0 batch-01 (scripts/creative-pipeline/batch-01-cardfaces.json),Exact runtime binary carried forward from legacy registry asset MEDIA-my-sgg-cardface-taimaru-spirit-v001,Image 2.0 batch-01 (scripts/creative-pipeline/batch-01-cardfaces.json),PIL decode verified; current visual identity/form audit passed where characters are present,,SGG project owner explicit public production publication instruction on 2026-08-19
public/dashboard-art/gacha/gacha-teaser.png,8f2da6854faf199b884ae404a46f7b274d8f0ffceb58be77b0eba15cf0ef9742,640x395,PNG,assets/approved/production/dashboard-art/gacha/gacha-teaser.png,MEDIA-my-sgg-gacha-teaser-v001,assets/candidates/gacha-teaser/gacha-teaser-a.png; Image 2.0 delivery derivative,Purpose-built Image 2.0 scene resized and cropped for the gacha panel,assets/candidates/gacha-teaser/gacha-teaser-a.png; Image 2.0 delivery derivative,PIL decode verified; current visual identity/form audit passed where characters are present,,SGG project owner explicit public production publication instruction on 2026-08-19
public/dashboard-art/gacha/zukan-teaser.png,56f263bd97cc1c967156d37a04ed537dc566ecacfe84d3cbf0ea3cbe53ddf22f,640x422,PNG,assets/approved/production/dashboard-art/gacha/zukan-teaser.png,MEDIA-my-sgg-zukan-teaser-v001,assets/candidates/gacha-teaser/zukan-teaser-original.png; Image 2.0 delivery derivative,Purpose-built Image 2.0 scene resized and cropped for the collection panel,assets/candidates/gacha-teaser/zukan-teaser-original.png; Image 2.0 delivery derivative,PIL decode verified; current visual identity/form audit passed where characters are present,,SGG project owner explicit public production publication instruction on 2026-08-19
public/dashboard-art/games/chain.png,e82a8f226405345a8f97f4ab6f7461d8c4bb81455e7b95bd40474a4b1d2e7c25,960x540,PNG,assets/approved/production/dashboard-art/games/chain.png,MEDIA-my-sgg-game-chain-v001,assets/candidates/chain-thumb-v001/chain-thumb-a.png; Image 2.0 delivery derivative,Purpose-built Image 2.0 game scene resized and cropped for the game card,assets/candidates/chain-thumb-v001/PRODUCTION_RECORD.json,PIL decode verified; current visual identity/form audit passed where characters are present,,SGG project owner explicit public production publication instruction on 2026-08-19
public/dashboard-art/games/ebisu.png,be603e7b27c310e17041bbc59bdbcbcd980906d9e13fef84eab505942a7c4e44,960x540,PNG,assets/approved/production/dashboard-art/games/ebisu.png,MEDIA-my-sgg-game-ebisu-v001,Image 2.0 via Codex generated store (GAME-ebisu),Exact runtime binary carried forward from legacy registry asset MEDIA-my-sgg-game-ebisu-v001,Image 2.0 via Codex generated store (GAME-ebisu),PIL decode verified; current visual identity/form audit passed where characters are present,,SGG project owner explicit public production publication instruction on 2026-08-19
public/dashboard-art/games/farm.png,122337f1c5e129ca161848eef97057292e0028374b92a4bcd1a4028507aa9198,960x540,PNG,assets/approved/production/dashboard-art/games/farm.png,MEDIA-my-sgg-game-farm-v001,assets/candidates/farm-thumb-v001/farm-thumb-a.png; Image 2.0 delivery derivative,Purpose-built Image 2.0 game scene resized and cropped for the game card,assets/candidates/farm-thumb-v001/PRODUCTION_RECORD.json,PIL decode verified; current visual identity/form audit passed where characters are present,,SGG project owner explicit public production publication instruction on 2026-08-19
public/dashboard-art/games/oracle.png,9e49192561a75bbce3d19b928fec125103ce0bdc0ca08a88cdec8ce29747a9f8,960x540,PNG,assets/approved/production/dashboard-art/games/oracle.png,MEDIA-my-sgg-game-oracle-v001,Image 2.0 via Codex generated store (GAME-oracle2),Exact runtime binary carried forward from legacy registry asset MEDIA-my-sgg-game-oracle-v001,Image 2.0 via Codex generated store (GAME-oracle2),PIL decode verified; current visual identity/form audit passed where characters are present,,SGG project owner explicit public production publication instruction on 2026-08-19
public/dashboard-art/games/quest.png,4bc57fd9747efbdca7959c1edc900368467a9a20b4056681107c0397952601f3,960x540,PNG,assets/approved/production/dashboard-art/games/quest.png,MEDIA-my-sgg-game-quest-v001,Image 2.0 via Codex generated store (GAME-quest),Exact runtime binary carried forward from legacy registry asset MEDIA-my-sgg-game-quest-v001,Image 2.0 via Codex generated store (GAME-quest),PIL decode verified; current visual identity/form audit passed where characters are present,,SGG project owner explicit public production publication instruction on 2026-08-19
public/dashboard-art/games/taiyo.png,85fa4c81f1b54c25ca2afd01a28c59f482b2e7e54ede100d18c4206b7aa451d0,960x540,PNG,assets/approved/production/dashboard-art/games/taiyo.png,MEDIA-my-sgg-game-taiyo-v001,Image 2.0 via Codex generated store (GAME-taiyo),Exact runtime binary carried forward from legacy registry asset MEDIA-my-sgg-game-taiyo-v001,Image 2.0 via Codex generated store (GAME-taiyo),PIL decode verified; current visual identity/form audit passed where characters are present,,SGG project owner explicit public production publication instruction on 2026-08-19
public/dashboard-art/headers/header-fukuei.png,c6528f99930b8d5f6f893970eff0f19253fd11530cccdfcf79371b3df4da8987,1200x400,PNG,assets/approved/production/dashboard-art/headers/header-fukuei.png,MEDIA-my-sgg-header-fukuei-v002,Image 2.0 batch-02R (scripts/creative-pipeline/batch-02R-rejects.json),Exact runtime binary carried forward from legacy registry asset MEDIA-my-sgg-header-fukuei-v002,Image 2.0 batch-02R (scripts/creative-pipeline/batch-02R-rejects.json),PIL decode verified; current visual identity/form audit passed where characters are present,,SGG project owner explicit public production publication instruction on 2026-08-19
public/dashboard-art/headers/header-shouren.png,2c9b0fd09c0d9a2eb3d3892008ccf1bb9633a216f4b3442a06379239c271ddbe,1200x400,PNG,assets/approved/production/dashboard-art/headers/header-shouren.png,MEDIA-my-sgg-header-shouren-v002,Image 2.0 batch-02R (scripts/creative-pipeline/batch-02R-rejects.json),Exact runtime binary carried forward from legacy registry asset MEDIA-my-sgg-header-shouren-v002,Image 2.0 batch-02R (scripts/creative-pipeline/batch-02R-rejects.json),PIL decode verified; current visual identity/form audit passed where characters are present,,SGG project owner explicit public production publication instruction on 2026-08-19
public/dashboard-art/headers/header-sobi.png,a3f6a06f5544496af8281964f3a79eececeed6824fabd959f7aedec14bda328e,1200x400,PNG,assets/approved/production/dashboard-art/headers/header-sobi.png,MEDIA-my-sgg-header-sobi-v001,Image 2.0 batch-02 (scripts/creative-pipeline/batch-02-stage-headers-pairs.json),Exact runtime binary carried forward from legacy registry asset MEDIA-my-sgg-header-sobi-v001,Image 2.0 batch-02 (scripts/creative-pipeline/batch-02-stage-headers-pairs.json),PIL decode verified; current visual identity/form audit passed where characters are present,,SGG project owner explicit public production publication instruction on 2026-08-19
public/dashboard-art/headers/header-taiyo.png,5a0d91ebe1c3fc5f6570c4e958c7e47031d9b021b3733adb91d6dd3d334f78a0,1200x400,PNG,assets/approved/production/dashboard-art/headers/header-taiyo.png,MEDIA-my-sgg-header-taiyo-v002,Image 2.0 batch-02R (scripts/creative-pipeline/batch-02R-rejects.json),Exact runtime binary carried forward from legacy registry asset MEDIA-my-sgg-header-taiyo-v002,Image 2.0 batch-02R (scripts/creative-pipeline/batch-02R-rejects.json),PIL decode verified; current visual identity/form audit passed where characters are present,,SGG project owner explicit public production publication instruction on 2026-08-19
public/dashboard-art/my-sgg-key-visual-v002.png,8cd32cd3eadf39ff03b610991417618179271b1e106fad45ffec011a29553e4f,1600x900,PNG,assets/approved/production/dashboard-art/my-sgg-key-visual-v002.png,MEDIA-my-sgg-key-visual-v002,source/image2-v002/my-sgg-key-visual-source.png,Exact runtime binary carried forward from legacy registry asset MEDIA-my-sgg-key-visual-v002,source/image2-v002/my-sgg-key-visual-source.png,PIL decode verified; current visual identity/form audit passed where characters are present,,SGG project owner explicit public production publication instruction on 2026-08-19
public/dashboard-art/my-sgg-key-visual-v004.png,9e49ed3d40b33030538916302d675f82f4044a726380c74a0d66c04381fe5e7d,2098x750,PNG,assets/approved/production/dashboard-art/my-sgg-key-visual-v004.png,MEDIA-my-sgg-key-visual-v004,Image 2.0 via Codex generated store (prompt-H),Exact runtime binary carried forward from legacy registry asset MEDIA-my-sgg-key-visual-v004,Image 2.0 via Codex generated store (prompt-H),PIL decode verified; current visual identity/form audit passed where characters are present,,SGG project owner explicit public production publication instruction on 2026-08-19
public/dashboard-art/pairs/pair-ebisu-doji.png,96fef4b5e48cf206c24824a9576514610359a4bf8f324ef7d6500be4912f11bb,384x512,PNG,assets/approved/production/dashboard-art/pairs/pair-ebisu-doji.png,MEDIA-my-sgg-pair-ebisu-doji-v002,assets/candidates/duty-v2/pair-ebisu-b.png; Image 2.0 delivery derivative,Purpose-built Image 2.0 pair scene cropped and resized for the selectable portrait,assets/candidates/duty-v2/pair-ebisu-b.png; Image 2.0 delivery derivative,PIL decode verified; current visual identity/form audit passed where characters are present,,SGG project owner explicit public production publication instruction on 2026-08-19
public/dashboard-art/pairs/pair-ebisu-incarnate.png,5d9f59335093b76302d7c20b8d10f7d11e9aeea1f39fb8c7cce28e6dda84cba1,384x512,PNG,assets/approved/production/dashboard-art/pairs/pair-ebisu-incarnate.png,MEDIA-my-sgg-pair-ebisu-incarnate-v002,assets/candidates/duty-v2/pair-ebisu-incarnate.png; Image 2.0 delivery derivative,Purpose-built Image 2.0 pair scene cropped and resized for the selectable portrait,assets/candidates/duty-v2/pair-ebisu-incarnate.png; Image 2.0 delivery derivative,PIL decode verified; current visual identity/form audit passed where characters are present,,SGG project owner explicit public production publication instruction on 2026-08-19
public/dashboard-art/pairs/pair-ebisu-spirit.png,eb886e64800f69cf0c82c9909c241d21c50b5ae9be2f14b3e7da0079d8ab7f90,384x512,PNG,assets/approved/production/dashboard-art/pairs/pair-ebisu-spirit.png,MEDIA-my-sgg-pair-ebisu-spirit-v002,assets/candidates/duty-v2/pair-ebisu-spirit.png; Image 2.0 delivery derivative,Purpose-built Image 2.0 pair scene cropped and resized for the selectable portrait,assets/candidates/duty-v2/pair-ebisu-spirit.png; Image 2.0 delivery derivative,PIL decode verified; current visual identity/form audit passed where characters are present,,SGG project owner explicit public production publication instruction on 2026-08-19
public/dashboard-art/pairs/pair-fukuei-doji.png,39ce32648ab2d6e1e04f6231233f0b92a7e578fa533ddfe7984de0270cfaddcf,384x512,PNG,assets/approved/production/dashboard-art/pairs/pair-fukuei-doji.png,MEDIA-my-sgg-pair-fukuei-doji-v002,assets/candidates/duty-v2/pair-fukuei-b.png; Image 2.0 delivery derivative,Purpose-built Image 2.0 pair scene cropped and resized for the selectable portrait,assets/candidates/duty-v2/pair-fukuei-b.png; Image 2.0 delivery derivative,PIL decode verified; current visual identity/form audit passed where characters are present,,SGG project owner explicit public production publication instruction on 2026-08-19
public/dashboard-art/pairs/pair-fukuei-incarnate.png,350495ce9dcce0ca592b1994c54e03f8b421e69baf9cbb411898d27f0da08dff,384x512,PNG,assets/approved/production/dashboard-art/pairs/pair-fukuei-incarnate.png,MEDIA-my-sgg-pair-fukuei-incarnate-v002,assets/candidates/duty-v2/pair-fukuei-incarnate.png; Image 2.0 delivery derivative,Purpose-built Image 2.0 pair scene cropped and resized for the selectable portrait,assets/candidates/duty-v2/pair-fukuei-incarnate.png; Image 2.0 delivery derivative,PIL decode verified; current visual identity/form audit passed where characters are present,,SGG project owner explicit public production publication instruction on 2026-08-19
public/dashboard-art/pairs/pair-fukuei-spirit.png,c61280c90264142d8853d36fd6e2efae810c28744f906486ca0cdb6da8017068,384x512,PNG,assets/approved/production/dashboard-art/pairs/pair-fukuei-spirit.png,MEDIA-my-sgg-pair-fukuei-spirit-v002,assets/candidates/duty-v2/pair-fukuei-spirit.png; Image 2.0 delivery derivative,Purpose-built Image 2.0 pair scene cropped and resized for the selectable portrait,assets/candidates/duty-v2/pair-fukuei-spirit.png; Image 2.0 delivery derivative,PIL decode verified; current visual identity/form audit passed where characters are present,,SGG project owner explicit public production publication instruction on 2026-08-19
public/dashboard-art/pairs/pair-juraku-doji.png,ca0f48dc9e18c88b18f67ad4f4d39bd40b81d117cd71cbaebeaf5ecfa1848ddf,384x512,PNG,assets/approved/production/dashboard-art/pairs/pair-juraku-doji.png,MEDIA-my-sgg-pair-juraku-doji-v002,assets/candidates/duty-v2/pair-juraku-c.png; Image 2.0 delivery derivative,Purpose-built Image 2.0 pair scene cropped and resized for the selectable portrait,assets/candidates/duty-v2/pair-juraku-c.png; Image 2.0 delivery derivative,PIL decode verified; current visual identity/form audit passed where characters are present,,SGG project owner explicit public production publication instruction on 2026-08-19
public/dashboard-art/pairs/pair-juraku-incarnate.png,544607a798dc90f038444237a11bc5e6fc8381b67e0d163c63eefa71154c54d3,384x512,PNG,assets/approved/production/dashboard-art/pairs/pair-juraku-incarnate.png,MEDIA-my-sgg-pair-juraku-incarnate-v002,assets/candidates/duty-v2/pair-juraku-incarnate.png; Image 2.0 delivery derivative,Purpose-built Image 2.0 pair scene cropped and resized for the selectable portrait,assets/candidates/duty-v2/pair-juraku-incarnate.png; Image 2.0 delivery derivative,PIL decode verified; current visual identity/form audit passed where characters are present,,SGG project owner explicit public production publication instruction on 2026-08-19
public/dashboard-art/pairs/pair-juraku-spirit.png,69c37b09041d2966354fbec96d945f46d0e3a0812df033e40899f51063e528bf,384x512,PNG,assets/approved/production/dashboard-art/pairs/pair-juraku-spirit.png,MEDIA-my-sgg-pair-juraku-spirit-v002,assets/candidates/duty-v2/pair-juraku-spirit.png; Image 2.0 delivery derivative,Purpose-built Image 2.0 pair scene cropped and resized for the selectable portrait,assets/candidates/duty-v2/pair-juraku-spirit.png; Image 2.0 delivery derivative,PIL decode verified; current visual identity/form audit passed where characters are present,,SGG project owner explicit public production publication instruction on 2026-08-19
public/dashboard-art/pairs/pair-saika-doji.png,85aafa564903dd93e849e5f4f67fa26744b699e7257b5285bef7c26d54856501,384x512,PNG,assets/approved/production/dashboard-art/pairs/pair-saika-doji.png,MEDIA-my-sgg-pair-saika-doji-v002,assets/candidates/duty-v2/pair-saika-b2.png; Image 2.0 delivery derivative,Purpose-built Image 2.0 pair scene cropped and resized for the selectable portrait,assets/candidates/duty-v2/pair-saika-b2.png; Image 2.0 delivery derivative,PIL decode verified; current visual identity/form audit passed where characters are present,,SGG project owner explicit public production publication instruction on 2026-08-19
public/dashboard-art/pairs/pair-saika-incarnate.png,0dbc882fea57f79521702ae21ae0929eac108f4a820b9bdc8b899261c00dffa9,384x512,PNG,assets/approved/production/dashboard-art/pairs/pair-saika-incarnate.png,MEDIA-my-sgg-pair-saika-incarnate-v002,assets/candidates/duty-v2/pair-saika-incarnate.png; Image 2.0 delivery derivative,Purpose-built Image 2.0 pair scene cropped and resized for the selectable portrait,assets/candidates/duty-v2/pair-saika-incarnate.png; Image 2.0 delivery derivative,PIL decode verified; current visual identity/form audit passed where characters are present,,SGG project owner explicit public production publication instruction on 2026-08-19
public/dashboard-art/pairs/pair-saika-spirit.png,0dfd7666447bfd7c4c24a4b6755a254fd3e55ca33657540f8342b78a14c46395,384x512,PNG,assets/approved/production/dashboard-art/pairs/pair-saika-spirit.png,MEDIA-my-sgg-pair-saika-spirit-v002,assets/candidates/duty-v2/pair-saika-spirit.png; Image 2.0 delivery derivative,Purpose-built Image 2.0 pair scene cropped and resized for the selectable portrait,assets/candidates/duty-v2/pair-saika-spirit.png; Image 2.0 delivery derivative,PIL decode verified; current visual identity/form audit passed where characters are present,,SGG project owner explicit public production publication instruction on 2026-08-19
public/dashboard-art/pairs/pair-shouren-doji.png,723787d507d61c7c5e8788b30d0b6636f007f7783b6a43ae15efb51f17cbd8a5,384x512,PNG,assets/approved/production/dashboard-art/pairs/pair-shouren-doji.png,MEDIA-my-sgg-pair-shouren-doji-v002,assets/candidates/duty-v2/pair-shouren-a.png; Image 2.0 delivery derivative,Purpose-built Image 2.0 pair scene cropped and resized for the selectable portrait,assets/candidates/duty-v2/pair-shouren-a.png; Image 2.0 delivery derivative,PIL decode verified; current visual identity/form audit passed where characters are present,,SGG project owner explicit public production publication instruction on 2026-08-19
public/dashboard-art/pairs/pair-shouren-incarnate.png,afd6ceef4f51e0df3535552281f8c95ecff34e18a03443d1c36516f111d09c51,384x512,PNG,assets/approved/production/dashboard-art/pairs/pair-shouren-incarnate.png,MEDIA-my-sgg-pair-shouren-incarnate-v002,assets/candidates/duty-v2/pair-shouren-incarnate.png; Image 2.0 delivery derivative,Purpose-built Image 2.0 pair scene cropped and resized for the selectable portrait,assets/candidates/duty-v2/pair-shouren-incarnate.png; Image 2.0 delivery derivative,PIL decode verified; current visual identity/form audit passed where characters are present,,SGG project owner explicit public production publication instruction on 2026-08-19
public/dashboard-art/pairs/pair-shouren-spirit.png,44d8e581754d3a4e7a64c5817fe1c0db0c16dd16fe18f90d6a1ee057787fc8ae,384x512,PNG,assets/approved/production/dashboard-art/pairs/pair-shouren-spirit.png,MEDIA-my-sgg-pair-shouren-spirit-v002,assets/candidates/duty-v2/pair-shouren-spirit.png; Image 2.0 delivery derivative,Purpose-built Image 2.0 pair scene cropped and resized for the selectable portrait,assets/candidates/duty-v2/pair-shouren-spirit.png; Image 2.0 delivery derivative,PIL decode verified; current visual identity/form audit passed where characters are present,,SGG project owner explicit public production publication instruction on 2026-08-19
public/dashboard-art/pairs/pair-sobi-doji.png,b367e325b33b653e06605bffe98a74c21c8ab180b47e74942f50b845e315ce60,384x512,PNG,assets/approved/production/dashboard-art/pairs/pair-sobi-doji.png,MEDIA-my-sgg-pair-sobi-doji-v002,assets/candidates/duty-v2/pair-sobi-c.png; Image 2.0 delivery derivative,Purpose-built Image 2.0 pair scene cropped and resized for the selectable portrait,assets/candidates/duty-v2/pair-sobi-c.png; Image 2.0 delivery derivative,PIL decode verified; current visual identity/form audit passed where characters are present,,SGG project owner explicit public production publication instruction on 2026-08-19
public/dashboard-art/pairs/pair-sobi-incarnate.png,f05098e28e05977de2f38a3769228e26aa71d9f659847106be6aedc446bcf329,384x512,PNG,assets/approved/production/dashboard-art/pairs/pair-sobi-incarnate.png,MEDIA-my-sgg-pair-sobi-incarnate-v002,assets/candidates/duty-v2/pair-sobi-incarnate.png; Image 2.0 delivery derivative,Purpose-built Image 2.0 pair scene cropped and resized for the selectable portrait,assets/candidates/duty-v2/pair-sobi-incarnate.png; Image 2.0 delivery derivative,PIL decode verified; current visual identity/form audit passed where characters are present,,SGG project owner explicit public production publication instruction on 2026-08-19
public/dashboard-art/pairs/pair-sobi-spirit.png,0fa77a038e0b1871da29af89787f1172177eb1528ccff7781adf0d44b0c6076a,384x512,PNG,assets/approved/production/dashboard-art/pairs/pair-sobi-spirit.png,MEDIA-my-sgg-pair-sobi-spirit-v002,assets/candidates/duty-v2/pair-sobi-spirit.png; Image 2.0 delivery derivative,Purpose-built Image 2.0 pair scene cropped and resized for the selectable portrait,assets/candidates/duty-v2/pair-sobi-spirit.png; Image 2.0 delivery derivative,PIL decode verified; current visual identity/form audit passed where characters are present,,SGG project owner explicit public production publication instruction on 2026-08-19
public/dashboard-art/pairs/pair-taiyo-doji.png,a6b7a8944765ed45e573c9001bd5e8b40a77e3ea9ebd8c061c94af68ab0f65db,384x512,PNG,assets/approved/production/dashboard-art/pairs/pair-taiyo-doji.png,MEDIA-my-sgg-pair-taiyo-doji-v002,assets/candidates/duty-v2/pair-taiyo-a.png; Image 2.0 delivery derivative,Purpose-built Image 2.0 pair scene cropped and resized for the selectable portrait,assets/candidates/duty-v2/pair-taiyo-a.png; Image 2.0 delivery derivative,PIL decode verified; current visual identity/form audit passed where characters are present,,SGG project owner explicit public production publication instruction on 2026-08-19
public/dashboard-art/pairs/pair-taiyo-incarnate.png,443516c74ffc4b73cbdf776575867f3a2f7ae5fb8cba52ee964fe536c2705314,384x512,PNG,assets/approved/production/dashboard-art/pairs/pair-taiyo-incarnate.png,MEDIA-my-sgg-pair-taiyo-incarnate-v002,assets/candidates/duty-v2/pair-taiyo-incarnate.png; Image 2.0 delivery derivative,Purpose-built Image 2.0 pair scene cropped and resized for the selectable portrait,assets/candidates/duty-v2/pair-taiyo-incarnate.png; Image 2.0 delivery derivative,PIL decode verified; current visual identity/form audit passed where characters are present,,SGG project owner explicit public production publication instruction on 2026-08-19
public/dashboard-art/pairs/pair-taiyo-spirit.png,72e27f414a7cbd2af9d2e7da77770bf71b0bd17ef4e3733efd2896932632b5ac,384x512,PNG,assets/approved/production/dashboard-art/pairs/pair-taiyo-spirit.png,MEDIA-my-sgg-pair-taiyo-spirit-v002,assets/candidates/duty-v2/pair-taiyo-spirit.png; Image 2.0 delivery derivative,Purpose-built Image 2.0 pair scene cropped and resized for the selectable portrait,assets/candidates/duty-v2/pair-taiyo-spirit.png; Image 2.0 delivery derivative,PIL decode verified; current visual identity/form audit passed where characters are present,,SGG project owner explicit public production publication instruction on 2026-08-19
public/dashboard-art/stage/duty-ebisu.png,b86395c888d9849818007681fcc71d0998bea5d9e0bac9f86f59a86f2a55df21,570x760,PNG,assets/approved/production/dashboard-art/stage/duty-ebisu.png,MEDIA-my-sgg-duty-ebisu-v004,assets/candidates/duty-v2/pair-ebisu-b.png; Image 2.0 delivery derivative,Purpose-built Image 2.0 GOD-and-OTOMO scene isolated on the stage delivery canvas,assets/candidates/duty-v2/pair-ebisu-b.png; Image 2.0 delivery derivative,PIL decode verified; current visual identity/form audit passed where characters are present,,SGG project owner explicit public production publication instruction on 2026-08-19
public/dashboard-art/stage/duty-fukuei.png,393bf8bff7c138e74df0884f6c94161b54841889d48c566687c90e52ccd38668,570x760,PNG,assets/approved/production/dashboard-art/stage/duty-fukuei.png,MEDIA-my-sgg-duty-fukuei-v004,assets/candidates/duty-v2/pair-fukuei-b.png; Image 2.0 delivery derivative,Purpose-built Image 2.0 GOD-and-OTOMO scene isolated on the stage delivery canvas,assets/candidates/duty-v2/pair-fukuei-b.png; Image 2.0 delivery derivative,PIL decode verified; current visual identity/form audit passed where characters are present,,SGG project owner explicit public production publication instruction on 2026-08-19
public/dashboard-art/stage/duty-juraku.png,96a939c0c71f77db72fee5bc723db5e2d921117e85d8752c0d5cb8901a76993d,570x760,PNG,assets/approved/production/dashboard-art/stage/duty-juraku.png,MEDIA-my-sgg-duty-juraku-v004,assets/candidates/duty-v2/pair-juraku-c.png; Image 2.0 delivery derivative,Purpose-built Image 2.0 GOD-and-OTOMO scene isolated on the stage delivery canvas,assets/candidates/duty-v2/pair-juraku-c.png; Image 2.0 delivery derivative,PIL decode verified; current visual identity/form audit passed where characters are present,,SGG project owner explicit public production publication instruction on 2026-08-19
public/dashboard-art/stage/duty-saika.png,a38000c9a2b45385d445a1d6c4f2c5ddbceb7e172d04dbb51c76e0247fedd19d,570x760,PNG,assets/approved/production/dashboard-art/stage/duty-saika.png,MEDIA-my-sgg-duty-saika-v004,assets/candidates/duty-v2/pair-saika-b2.png; Image 2.0 delivery derivative,Purpose-built Image 2.0 GOD-and-OTOMO scene isolated on the stage delivery canvas,assets/candidates/duty-v2/pair-saika-b2.png; Image 2.0 delivery derivative,PIL decode verified; current visual identity/form audit passed where characters are present,,SGG project owner explicit public production publication instruction on 2026-08-19
public/dashboard-art/stage/duty-shouren.png,ca145f407fa2e0a13b557055b6fd1fcadb97a3dbeb95d294abbf2f106393a2f6,570x760,PNG,assets/approved/production/dashboard-art/stage/duty-shouren.png,MEDIA-my-sgg-duty-shouren-v004,assets/candidates/duty-v2/pair-shouren-a.png; Image 2.0 delivery derivative,Purpose-built Image 2.0 GOD-and-OTOMO scene isolated on the stage delivery canvas,assets/candidates/duty-v2/pair-shouren-a.png; Image 2.0 delivery derivative,PIL decode verified; current visual identity/form audit passed where characters are present,,SGG project owner explicit public production publication instruction on 2026-08-19
public/dashboard-art/stage/duty-sobi.png,e4cac6aa2cc9e3edf84a2487e35065cdcd099a12cc5a519c30cb599cf8ecb003,570x760,PNG,assets/approved/production/dashboard-art/stage/duty-sobi.png,MEDIA-my-sgg-duty-sobi-v004,assets/candidates/duty-v2/pair-sobi-c.png; Image 2.0 delivery derivative,Purpose-built Image 2.0 GOD-and-OTOMO scene isolated on the stage delivery canvas,assets/candidates/duty-v2/pair-sobi-c.png; Image 2.0 delivery derivative,PIL decode verified; current visual identity/form audit passed where characters are present,,SGG project owner explicit public production publication instruction on 2026-08-19
public/dashboard-art/stage/duty-taiyo.png,c9558a5eaa97f0cdb8f5c2741cd077043bf04482b2db93250e5ad634e3637396,570x760,PNG,assets/approved/production/dashboard-art/stage/duty-taiyo.png,MEDIA-my-sgg-duty-taiyo-v004,assets/candidates/duty-v2/pair-taiyo-a.png; Image 2.0 delivery derivative,Purpose-built Image 2.0 GOD-and-OTOMO scene isolated on the stage delivery canvas,assets/candidates/duty-v2/pair-taiyo-a.png; Image 2.0 delivery derivative,PIL decode verified; current visual identity/form audit passed where characters are present,,SGG project owner explicit public production publication instruction on 2026-08-19
public/favicon.ico,f1bc4e06e0a958a808398cadcb62128676cf1d9c69550b68d401f957d0f14e85,256x256,ICO,assets/approved/production/favicon.ico,,assets/candidates/favicon/fav-01.png; Image 2.0 multi-size delivery derivative,Purpose-built Image 2.0 icon encoded as a multi-size ICO delivery file,assets/candidates/favicon/fav-01.provenance.json,PIL decode verified; favicon dimensions and hash recorded,validate_pack.py does not support ICO dimension parsing; runtime derivative is tracked in this index,SGG project owner explicit public production publication instruction on 2026-08-19
public/my-sgg-icon-v004.png,a22ac948cfd11bba37a3b6951c069390e642d3763fe101e83facc8bb86576f4e,512x512,PNG,assets/approved/production/my-sgg-icon-v004.png,MEDIA-my-sgg-icon-v004,assets/candidates/favicon/fav-01.png; Image 2.0 icon delivery derivative,Purpose-built Image 2.0 icon exported at the 512px production size,assets/candidates/favicon/fav-01.provenance.json,PIL decode verified; current visual identity/form audit passed where characters are present,,SGG project owner explicit public production publication instruction on 2026-08-19
public/my-sgg-social-og-v004.jpg,4af18727153081986b5cef7d669a35d344368f0a2f467edcdc90ce9412896935,1200x630,JPEG,assets/approved/production/my-sgg-social-og-v004.jpg,MEDIA-my-sgg-social-og-v004,assets/candidates/og-v004/og-d.png and card-d.png; Image 2.0 delivery derivative,Purpose-built Image 2.0 social scene cropped to 1200x630 and encoded as JPEG,assets/candidates/og-v004/PRODUCTION_RECORD.json,PIL decode verified; current visual identity/form audit passed where characters are present,,SGG project owner explicit public production publication instruction on 2026-08-19
